LearningRate,HiddenNeurons,TrainingTime,Accuracy,Final Loss
0.01,32,0.973329083333333,36.2968405584129,0.43410609911479
0.01,64,1.28817304166667,40.1542983100661,0.396903172295046
0.01,128,3.07321966666667,34.7905951506245,0.389111867943698
0.05,32,0.65614,40.2645113886848,0.354333811956967
0.05,64,1.26171291666667,50.3673769287289,0.325385345794125
0.05,128,2.52384045833333,58.4129316678913,0.29926299408358
0.1,32,0.60217575,49.338721528288,0.318664241488517
0.1,64,1.14289345833333,66.0543717854519,0.284299365095064
0.1,128,2.52028354166667,71.4180749448935,0.252760728807777
