LearningRate,HiddenNeurons,TrainingTime,Accuracy,Final Loss
0.01,32,0.849662083333333,27.2961058045555,0.434493809712212
0.01,64,2.12362466666667,36.5540044085231,0.399604868855658
0.01,128,3.02180904166667,28.2512858192505,0.380729355014889
0.05,32,0.68626025,31.5944158706833,0.362633297086928
0.05,64,1.16068779166667,50.6245407788391,0.335661142004327
0.05,128,2.466328875,62.08670095518,0.290585402965322
0.1,32,0.594679125,52.2409992652461,0.316394472273479
0.1,64,1.20603408333333,63.5929463629684,0.28068272482484
0.1,128,2.404118125,72.6304188096988,0.257620587270128
