LearningRate,HiddenNeurons,TrainingTime,Accuracy,Final Loss
0.01,32,0.702442666666667,31.8883174136664,0.445345590996541
0.01,64,1.1758745,39.0889052167524,0.396015257051477
0.01,128,2.452494,28.5451873622337,0.386792588766255
0.05,32,0.631539791666667,47.0977222630419,0.350348527386337
0.05,64,1.22835095833333,53.1227038941954,0.326743360940555
0.05,128,2.46835058333333,63.3357825128582,0.292490805209277
0.1,32,0.597392208333333,53.6370315944159,0.325112398705053
0.1,64,1.450731375,65.7604702424688,0.287573372855406
0.1,128,3.06915391666667,73.218221895665,0.249386389653287
