LearningRate,HiddenNeurons,TrainingTime,Accuracy,Final Loss
0.01,32,0.883889958333333,43.9750183688464,0.445915010307738
0.01,64,1.39681016666667,34.0558412931668,0.404757727098858
0.01,128,2.56500858333333,26.157237325496,0.386868524599456
0.05,32,0.808645833333333,39.4930198383542,0.363471523661395
0.05,64,1.250270125,50.2939015429831,0.32375512112153
0.05,128,2.662070125,58.7068332108744,0.299719964869814
0.1,32,0.809243833333333,44.3791329904482,0.329292790869215
0.1,64,1.42983875,62.1969140337987,0.284658955750763
0.1,128,2.914087625,77.6634827332844,0.24171491981396
